{"Fid":"fzmCQK_ZR4-EjCGX_AqNTm","Status":3,"AuthToken":"eyJhbGciOiJFUzI1NiIsInR5cCI6IkpXVCJ9.eyJhcHBJZCI6IjE6MzU0ODAwNjQ1MzI5OmFuZHJvaWQ6NGM2NjY0NGY4NDc1MTUwYiIsImV4cCI6MTc2ODcxNjA5MywiZmlkIjoiZnptQ1FLX1pSNC1FakNHWF9BcU5UbSIsInByb2plY3ROdW1iZXIiOjM1NDgwMDY0NTMyOX0.AB2LPV8wRAIgDa5FWdHFStpUpPK6noszNYxAD1JHXRmbz9wwuqpb1xoCIEeu65lB0SR1mzYpAhanx6lrkdSoyrM7zOmKYdZIinWX","RefreshToken":"3_AS3qfwKy11Jksnm_Raj6djuS78fmPqFHpYFd2oIufLqynOqaNAf8Ebp72KP4PdvexaYtssOXEC8DjTpDqUjn_Ir02v2EKsNIJ0C0jN_4To_izH8","TokenCreationEpochInSecs":1768111293,"ExpiresInSecs":604800}