{"Fid":"cz1oc49pTpmhsJyUTYh4Yx","Status":3,"AuthToken":"eyJhbGciOiJFUzI1NiIsInR5cCI6IkpXVCJ9.eyJhcHBJZCI6IjE6MzU0ODAwNjQ1MzI5OmFuZHJvaWQ6NGM2NjY0NGY4NDc1MTUwYiIsImV4cCI6MTc2ODc5ODA4MiwiZmlkIjoiY3oxb2M0OXBUcG1oc0p5VVRZaDRZeCIsInByb2plY3ROdW1iZXIiOjM1NDgwMDY0NTMyOX0.AB2LPV8wRQIhANRCJ6Q3B8-_XuNhQSWmK0lcZQJp3_0E5oPMTzUaAjD6AiAEAyzYNqc_yBWUczBuW0gxtBu0Kt7UIZcbTU0CN96DjA","RefreshToken":"3_AS3qfwK2ciRkCX59lNJRLrmc170DmifEFfZen5mQdSgj0mHL3UKaKTZuYPlJS6ZSTzjj3IbxFNz-9AcmPjd-5WcndvMg7uCX0X8oLzZSpa8BI3M","TokenCreationEpochInSecs":1768193282,"ExpiresInSecs":604800}