{"Fid":"fxlPBVKYTXqNVaBfVB64C1","Status":3,"AuthToken":"eyJhbGciOiJFUzI1NiIsInR5cCI6IkpXVCJ9.eyJhcHBJZCI6IjE6MzU0ODAwNjQ1MzI5OmFuZHJvaWQ6NGM2NjY0NGY4NDc1MTUwYiIsImV4cCI6MTc2ODgxMTc1MCwiZmlkIjoiZnhsUEJWS1lUWHFOVmFCZlZCNjRDMSIsInByb2plY3ROdW1iZXIiOjM1NDgwMDY0NTMyOX0.AB2LPV8wRQIgCE7GzcaMLkyYsaFL-kvd2Bq2YNu2MeAJUybMA4t6Lr4CIQCfTJCNHP1EwOgx6K63Ip1RjVWP6AJDkYt0Nq9E2NdMzw","RefreshToken":"3_AS3qfwJoIhx_NmXvA2bAGr-pO2zTunMmicLAIsycvXH_8JeQJfY05Iebhpj12rCxRUI0VoVsXvzZR8p1prOa8ixcps1GMw2LGHbit6A1vGXT_a4","TokenCreationEpochInSecs":1768206950,"ExpiresInSecs":604800}