{"Fid":"cwUVnQ5BQQucTjd5AIFyF4","Status":3,"AuthToken":"eyJhbGciOiJFUzI1NiIsInR5cCI6IkpXVCJ9.eyJhcHBJZCI6IjE6MzU0ODAwNjQ1MzI5OmFuZHJvaWQ6NGM2NjY0NGY4NDc1MTUwYiIsImV4cCI6MTc2ODQ3OTEwNSwiZmlkIjoiY3dVVm5RNUJRUXVjVGpkNUFJRnlGNCIsInByb2plY3ROdW1iZXIiOjM1NDgwMDY0NTMyOX0.AB2LPV8wRQIgQbU17v_t5RTTNoNqv3uFWHxUfyLq3zXcoByyC0GSIPkCIQDkhN75PVD84djjdVzXxMI9peYO6fLseR1Q-2FG6tzLkA","RefreshToken":"3_AS3qfwLHGB7RtVxTUKm6ciP6MJMBcuFXaeLKmaXgI_QlrZ2x99OX9l1VY5Zy_zA9br48mUc6TI32fd62b-uS5LBYjXAx3-gT_dKXPQmSWrBDWzM","TokenCreationEpochInSecs":1767874305,"ExpiresInSecs":604800}